{"cameraMode":{"drawMode":0,"name":"Shaded","section":"Shading Mode"},"sceneLighting":false,"audioPlay":false,"sceneViewState":{"showFog":true,"showMaterialUpdate":false,"showSkybox":false,"showFlares":true,"showImageEffects":true,"showParticleSystems":true},"in2DMode":false,"pivot":{"x":-0.21606676280498506,"y":1.1423072814941407,"z":-0.3918859362602234},"rotation":{"x":-0.10973726958036423,"y":0.050669118762016299,"z":0.005600751377642155,"w":0.9926544427871704},"size":1.4483449459075928,"orthographic":false}